2026-04-08_12-41-23,0,draft.go:2026-04-08_12-41-23
2026-04-08_13-16-06,0,draft.go:2026-04-08_13-16-06
2026-04-08_13-16-20,0,draft.go:2026-04-08_13-16-20
2026-04-08_13-16-49,42,draft.go:2026-04-08_13-16-49
2026-04-08_13-18-11,71,draft.go:2026-04-08_13-18-11
2026-04-08_13-18-41,71,draft.go:2026-04-08_13-18-41
2026-04-08_13-19-03,85,draft.go:2026-04-08_13-19-03
2026-04-08_13-19-17,85,draft.go:2026-04-08_13-19-03
2026-04-08_13-23-39,85,draft.go:2026-04-08_13-23-39
2026-04-08_13-24-02,85,draft.go:2026-04-08_13-24-02
2026-04-08_13-25-26,100,draft.go:2026-04-08_13-25-26
2026-04-21_17-59-20,100,draft.go:2026-04-08_13-25-26
