2026-04-06_18-18-56,0,draft.go:2026-04-06_18-18-56
2026-04-07_17-20-49,0,draft.go:2026-04-07_17-20-49
2026-04-07_17-31-02,0,draft.go:2026-04-07_17-20-49
2026-04-07_17-31-03,0,draft.go:2026-04-07_17-20-49
2026-04-07_17-40-33,0,draft.go:2026-04-07_17-20-49
2026-04-07_17-45-49,0,draft.go:2026-04-07_17-45-49
2026-04-07_17-46-18,0,draft.go:2026-04-07_17-46-18
2026-04-07_17-46-57,0,draft.go:2026-04-07_17-46-57
2026-04-07_17-47-30,0,draft.go:2026-04-07_17-47-30
2026-04-07_17-48-29,0,draft.go:2026-04-07_17-48-29
2026-04-07_17-50-00,0,draft.go:2026-04-07_17-50-00
2026-04-07_17-50-11,22,draft.go:2026-04-07_17-50-11
2026-04-07_17-50-18,0,draft.go:2026-04-07_17-50-18
2026-04-07_17-54-24,33,draft.go:2026-04-07_17-54-24
2026-04-07_17-56-25,44,draft.go:2026-04-07_17-56-25
2026-04-07_17-57-13,66,draft.go:2026-04-07_17-57-13
2026-04-07_17-57-49,100,draft.go:2026-04-07_17-57-49
2026-04-07_18-01-43,33,draft.go:2026-04-07_18-01-43
2026-04-07_18-02-48,44,draft.go:2026-04-07_18-02-48
2026-04-07_18-02-50,44,draft.go:2026-04-07_18-02-48
2026-04-07_18-03-20,66,draft.go:2026-04-07_18-03-20
2026-04-07_18-13-19,100,draft.go:2026-04-07_18-13-19
2026-04-21_17-58-46,100,draft.go:2026-04-21_17-58-46
