2026-03-31_17-18-09,0,draft.go:2026-03-31_17-18-09
2026-03-31_17-27-03,0,draft.go:2026-03-31_17-27-03
2026-03-31_17-28-21,0,draft.go:2026-03-31_17-28-21
2026-03-31_17-28-29,0,draft.go:2026-03-31_17-28-29
2026-03-31_17-28-48,0,draft.go:2026-03-31_17-28-48
2026-03-31_17-30-36,0,draft.go:2026-03-31_17-30-36
2026-03-31_17-31-10,16,draft.go:2026-03-31_17-31-10
2026-03-31_17-32-57,0,draft.go:2026-03-31_17-32-57
2026-03-31_17-33-09,0,draft.go:2026-03-31_17-33-09
2026-03-31_17-33-11,0,draft.go:2026-03-31_17-33-09
2026-03-31_17-33-26,0,draft.go:2026-03-31_17-33-26
2026-03-31_17-33-35,0,draft.go:2026-03-31_17-33-35
2026-03-31_17-33-58,0,draft.go:2026-03-31_17-33-58
2026-03-31_17-34-30,0,draft.go:2026-03-31_17-34-30
2026-03-31_17-34-35,0,draft.go:2026-03-31_17-34-30
2026-03-31_17-34-59,0,draft.go:2026-03-31_17-34-59
2026-03-31_17-35-40,0,draft.go:2026-03-31_17-35-40
2026-03-31_17-35-50,16,draft.go:2026-03-31_17-35-50
2026-03-31_17-39-59,16,draft.go:2026-03-31_17-35-50
2026-03-31_17-40-21,0,draft.go:2026-03-31_17-40-21
2026-03-31_17-40-26,0,draft.go:2026-03-31_17-40-26
2026-03-31_17-40-46,0,draft.go:2026-03-31_17-40-46
2026-03-31_17-40-49,0,draft.go:2026-03-31_17-40-46
2026-03-31_17-41-00,16,draft.go:2026-03-31_17-41-00
2026-03-31_17-51-52,0,draft.go:2026-03-31_17-51-52
2026-03-31_17-52-09,100,draft.go:2026-03-31_17-52-09
2026-04-06_16-55-42,100,draft.go:2026-03-31_17-52-09
2026-04-06_16-56-47,0,draft.go:2026-04-06_16-56-47
2026-04-06_16-57-03,0,draft.go:2026-04-06_16-56-47
2026-04-06_17-08-10,0,draft.go:2026-04-06_17-08-10
2026-04-06_17-08-42,100,draft.go:2026-04-06_17-08-42
