2026-03-31_18-04-57,0,draft.go:2026-03-31_18-04-57
2026-03-31_18-04-59,0,draft.go:2026-03-31_18-04-57
2026-03-31_18-05-48,0,draft.go:2026-03-31_18-04-57
2026-03-31_18-09-01,0,draft.go:2026-03-31_18-04-57
2026-03-31_18-09-04,0,draft.go:2026-03-31_18-04-57
2026-03-31_18-09-06,0,draft.go:2026-03-31_18-04-57
2026-03-31_18-09-07,0,draft.go:2026-03-31_18-04-57
2026-03-31_18-09-08,0,draft.go:2026-03-31_18-04-57
2026-03-31_18-09-08,0,draft.go:2026-03-31_18-04-57
2026-03-31_18-09-08,0,draft.go:2026-03-31_18-04-57
2026-03-31_18-09-09,0,draft.go:2026-03-31_18-04-57
2026-03-31_18-09-09,0,draft.go:2026-03-31_18-04-57
2026-03-31_18-09-09,0,draft.go:2026-03-31_18-04-57
2026-03-31_18-09-12,---,draft.go:2026-03-31_18-04-57
2026-03-31_18-17-33,0,draft.go:2026-03-31_18-17-33
2026-03-31_18-17-38,---,draft.go:2026-03-31_18-17-33
2026-04-28_12-28-26,0,draft.go:2026-03-31_18-17-33
