2026-04-07_18-14-44,0,draft.go:2026-04-07_18-14-44
2026-04-08_11-51-32,0,draft.go:2026-04-08_11-51-32
2026-04-08_11-51-51,12,draft.go:2026-04-08_11-51-51
2026-04-08_11-54-23,0,draft.go:2026-04-08_11-54-23
2026-04-08_11-54-36,0,draft.go:2026-04-08_11-54-36
2026-04-08_11-55-59,0,draft.go:2026-04-08_11-55-59
2026-04-08_11-59-35,0,draft.go:2026-04-08_11-59-35
2026-04-08_11-59-39,0,draft.go:2026-04-08_11-59-35
2026-04-08_12-00-56,37,draft.go:2026-04-08_12-00-56
2026-04-08_12-01-05,37,draft.go:2026-04-08_12-00-56
2026-04-08_12-02-12,75,draft.go:2026-04-08_12-02-12
2026-04-08_12-04-40,75,draft.go:2026-04-08_12-04-40
2026-04-08_12-06-52,25,draft.go:2026-04-08_12-06-52
2026-04-08_12-07-48,62,draft.go:2026-04-08_12-07-48
2026-04-08_12-08-09,100,draft.go:2026-04-08_12-08-09
