2026-03-10_17-13-22,0,draft.go:2026-03-10_17-13-22
2026-03-10_17-13-24,0,draft.go:2026-03-10_17-13-22
2026-03-10_17-14-47,---,draft.go:2026-03-10_17-14-47
2026-03-10_17-15-06,0,draft.go:2026-03-10_17-14-47
2026-03-10_17-15-08,0,draft.go:2026-03-10_17-14-47
2026-03-10_17-15-08,0,draft.go:2026-03-10_17-14-47
2026-03-10_17-19-26,0,draft.go:2026-03-10_17-14-47
2026-03-10_17-20-03,0,draft.go:2026-03-10_17-20-03
2026-03-10_17-31-45,0,draft.go:2026-03-10_17-31-45
2026-03-10_17-40-12,0,draft.go:2026-03-10_17-40-12
2026-03-10_17-40-43,0,draft.go:2026-03-10_17-40-43
2026-03-10_17-41-21,0,draft.go:2026-03-10_17-41-21
2026-03-10_17-43-11,0,draft.go:2026-03-10_17-43-11
2026-03-10_17-52-52,---,draft.go:2026-03-10_17-52-52
2026-03-10_17-54-22,0,draft.go:2026-03-10_17-54-22
2026-03-10_17-55-42,0,draft.go:2026-03-10_17-55-42
2026-03-10_17-57-09,0,draft.go:2026-03-10_17-57-09
2026-03-10_17-57-18,0,draft.go:2026-03-10_17-57-18
2026-03-10_17-57-45,100,draft.go:2026-03-10_17-57-45
