2026-04-13_16-36-47,0,draft.go:2026-04-13_16-36-47
2026-04-13_16-44-03,0,draft.go:2026-04-13_16-44-03
2026-04-13_16-44-21,0,draft.go:2026-04-13_16-44-21
2026-04-13_16-44-42,0,draft.go:2026-04-13_16-44-42
2026-04-13_16-45-09,0,draft.go:2026-04-13_16-45-09
2026-04-13_16-45-13,---,draft.go:2026-04-13_16-45-09
2026-04-13_16-45-21,0,draft.go:2026-04-13_16-45-09
2026-04-13_16-49-20,0,draft.go:2026-04-13_16-49-20
2026-04-13_16-50-02,0,draft.go:2026-04-13_16-50-02
2026-04-13_16-51-28,0,draft.go:2026-04-13_16-51-28
2026-04-13_16-51-36,22,draft.go:2026-04-13_16-51-36
2026-04-13_16-53-19,0,draft.go:2026-04-13_16-53-19
2026-04-21_18-23-44,0,draft.go:2026-04-13_16-53-19
2026-04-21_18-25-36,22,draft.go:2026-04-21_18-25-36
2026-04-21_18-28-31,33,draft.go:2026-04-21_18-28-31
2026-04-21_18-28-36,33,draft.go:2026-04-21_18-28-31
2026-04-21_18-29-12,44,draft.go:2026-04-21_18-29-12
2026-04-21_18-29-33,44,draft.go:2026-04-21_18-29-33
2026-04-21_18-31-03,55,draft.go:2026-04-21_18-31-03
2026-04-21_18-32-26,100,draft.go:2026-04-21_18-32-26
2026-04-28_13-24-20,100,draft.go:2026-04-21_18-32-26
