2026-04-06_18-07-41,0,draft.go:2026-04-06_18-07-41
2026-04-06_18-11-48,0,draft.go:2026-04-06_18-11-48
2026-04-06_18-12-04,0,draft.go:2026-04-06_18-12-04
2026-04-06_18-12-30,0,draft.go:2026-04-06_18-12-30
2026-04-06_18-14-16,42,draft.go:2026-04-06_18-14-16
2026-04-06_18-14-39,57,draft.go:2026-04-06_18-14-39
2026-04-06_18-15-13,57,draft.go:2026-04-06_18-15-13
2026-04-06_18-15-19,57,draft.go:2026-04-06_18-15-19
2026-04-06_18-16-31,42,draft.go:2026-04-06_18-16-31
2026-04-06_18-16-42,42,draft.go:2026-04-06_18-16-42
2026-04-06_18-16-48,57,draft.go:2026-04-06_18-16-48
2026-04-06_18-16-55,42,draft.go:2026-04-06_18-16-55
2026-04-06_18-17-00,57,draft.go:2026-04-06_18-17-00
2026-04-06_18-18-06,57,draft.go:2026-04-06_18-18-06
2026-04-06_18-18-36,57,draft.go:2026-04-06_18-18-36
2026-04-08_12-30-03,57,draft.go:2026-04-06_18-18-36
2026-04-08_12-39-24,100,draft.go:2026-04-08_12-39-24
2026-04-08_12-39-38,42,draft.go:2026-04-08_12-39-38
2026-04-08_12-39-45,100,draft.go:2026-04-08_12-39-45
2026-04-13_15-59-09,100,draft.go:2026-04-08_12-39-45
2026-04-21_17-58-05,100,draft.go:2026-04-08_12-39-45
2026-04-21_17-58-11,100,draft.go:2026-04-08_12-39-45
