2026-04-21_18-34-16,0,draft.go:2026-04-21_18-34-16
2026-04-21_18-34-25,0,draft.go:2026-04-21_18-34-16
2026-04-28_11-28-12,0,draft.go:2026-04-21_18-34-16
2026-04-28_11-31-15,0,draft.go:2026-04-28_11-31-15
2026-04-28_11-32-54,0,draft.go:2026-04-28_11-32-54
2026-04-28_11-33-15,0,draft.go:2026-04-28_11-33-15
2026-04-28_12-19-24,0,draft.go:2026-04-28_12-19-24
2026-04-28_12-19-34,0,draft.go:2026-04-28_12-19-34
2026-04-28_12-20-06,0,draft.go:2026-04-28_12-20-06
2026-04-28_12-20-33,0,draft.go:2026-04-28_12-20-33
2026-04-28_12-26-17,0,draft.go:2026-04-28_12-26-17
2026-04-28_12-27-26,0,draft.go:2026-04-28_12-27-26
2026-04-28_12-27-33,70,draft.go:2026-04-28_12-27-33
2026-04-28_12-27-39,70,draft.go:2026-04-28_12-27-33
2026-04-28_12-27-40,70,draft.go:2026-04-28_12-27-33
2026-04-28_12-28-03,100,draft.go:2026-04-28_12-28-03
2026-04-28_13-23-57,100,draft.go:2026-04-28_12-28-03
