2026-04-27_12-07-57,0,draft.go:2026-04-27_12-07-57
2026-04-27_12-38-27,---,draft.go:2026-04-27_12-38-27
2026-04-27_12-39-06,0,draft.go:2026-04-27_12-38-27
2026-04-27_12-39-06,---,draft.go:2026-04-27_12-38-27
2026-04-27_12-45-13,0,draft.go:2026-04-27_12-45-13
2026-04-27_12-45-18,---,draft.go:2026-04-27_12-45-13
2026-04-27_13-00-00,0,draft.go:2026-04-27_13-00-00
2026-04-27_13-00-01,0,draft.go:2026-04-27_13-00-00
2026-04-27_13-00-02,---,draft.go:2026-04-27_13-00-00
2026-04-27_13-01-13,0,draft.go:2026-04-27_13-00-00
2026-04-27_13-01-14,0,draft.go:2026-04-27_13-00-00
2026-04-27_13-01-17,---,draft.go:2026-04-27_13-00-00
