2026-03-17_17-52-38,0,draft.go:2026-03-17_17-52-38
2026-03-17_17-53-30,0,draft.go:2026-03-17_17-53-30
2026-03-17_17-53-46,0,draft.go:2026-03-17_17-53-46
2026-03-17_17-55-46,0,draft.go:2026-03-17_17-55-46
2026-03-17_17-56-08,0,draft.go:2026-03-17_17-56-08
2026-03-17_18-01-41,0,draft.go:2026-03-17_18-01-41
2026-03-17_18-06-35,0,draft.go:2026-03-17_18-06-35
2026-04-14_16-43-09,0,draft.go:2026-04-14_16-43-09
2026-04-14_16-45-21,0,draft.go:2026-04-14_16-45-21
2026-04-14_16-45-24,---,draft.go:2026-04-14_16-45-24
2026-04-14_17-05-33,0,draft.go:2026-04-14_17-05-33
2026-04-14_17-05-35,---,draft.go:2026-04-14_17-05-33
2026-04-27_16-55-45,100,draft.go:2026-04-27_16-55-45
